{"0": [-73.9571626092167, 40.772723849888095], "1": [-74.0017828457931, 40.73163109308872], "2": [-73.93744002165856, 40.74791102428165], "3": [-73.78903753470979, 40.64629162309007], "4": [-73.98556716086667, 40.68657228287796], "5": [-73.97530007711597, 40.761587406217004], "6": [-73.94750780808253, 40.80563789862827], "7": [-73.83423730295532, 40.71833810933124], "8": [-73.9820982387714, 40.74396848976956], "9": [-73.9550570602658, 40.71533893772134], "10": [-73.9148265301991, 40.758627341825544], "11": [-73.98888147786333, 40.72312918395687], "12": [-73.97405128680008, 40.787595207936114], "13": [-74.01086414576496, 40.70989476406365], "14": [-73.99041805608194, 40.75817904191599], "15": [-73.86930226020836, 40.771780369017705], "16": [-74.00160884857794, 40.741991595724336], "17": [-73.96268778793657, 40.65763996140808], "18": [-73.95249689450924, 40.782157451524576], "19": [-73.94257701415967, 40.82907491476713], "20": [-73.98711477346617, 40.734154610040754], "21": [-74.00267568882192, 40.72107828077432], "22": [-73.9752155778662, 40.7532998766186], "23": [-73.98141403981732, 40.77747411034874], "24": [-73.99235257397947, 40.749308770608245], "25": [-73.96433310185185, 40.76289858216605], "26": [-73.98447424652562, 40.76644551889534], "27": [-73.96671849072095, 40.79875681619504], "28": [-73.93414858610068, 40.69397598507013], "29": [-73.77977504923369, 40.6452941461563]}